2025-12-01_16-49-17,100,draft.py:2025-12-01_16-49-17
2025-12-01_17-09-13,0,draft.py:2025-12-01_17-09-13
2025-12-09_09-43-41,0,draft.py:2025-12-01_17-09-13
2025-12-09_11-21-46,0,draft.py:2025-12-01_17-09-13
2025-12-09_11-22-25,0,draft.py:2025-12-01_17-09-13
2025-12-09_11-22-25,0,draft.py:2025-12-01_17-09-13
2025-12-15_21-53-13,0,draft.py:2025-12-01_17-09-13
2025-12-16_11-24-06,0,draft.py:2025-12-16_11-24-06
2025-12-16_11-24-26,0,draft.py:2025-12-16_11-24-06
2025-12-16_11-41-15,0,draft.py:2025-12-16_11-24-06
