2025-12-02_16-14-55,100,draft.py:2025-12-02_16-14-55
2025-12-02_16-37-28,100,draft.py:2025-12-02_16-14-55
2025-12-02_16-38-52,100,draft.py:2025-12-02_16-14-55
2025-12-02_16-38-55,100,draft.py:2025-12-02_16-14-55
2025-12-02_16-44-29,100,draft.py:2025-12-02_16-44-29
2025-12-02_17-13-36,0,draft.py:2025-12-02_17-13-36
2025-12-02_17-13-37,0,draft.py:2025-12-02_17-13-36
2025-12-09_11-22-01,0,draft.py:2025-12-02_17-13-36
2025-12-09_11-22-02,0,draft.py:2025-12-02_17-13-36
2025-12-09_11-22-19,0,draft.py:2025-12-02_17-13-36
2025-12-09_11-22-19,0,draft.py:2025-12-02_17-13-36
2025-12-15_23-16-37,0,draft.py:2025-12-02_17-13-36
2025-12-15_23-16-44,0,draft.py:2025-12-02_17-13-36
